{"profile":{"about":{"label":"aklsjf","summary":"ljlkfjadklj"},"location":{"addressline1":"jdksajflk;","addressline2":"jklfsadjfkl;j","city":"kljkladsjklfjkl","pincode":"jlkjlkjfklj","country":"lkjlkj"},"_id":"5dfa13cd5a055c5168e225c9","user":{"_id":"5dfa10785a055c5168e225c8","name":"Aryan Gupta","email":"aryanguptaleo@gmail.com"},"education":[{"_id":"5dfa14975a055c5168e225d4","institution":"asf","area":"jfkl;ajklj","qualification":"kljjkl","startdate":"jklj","enddate":"kjkljkl","gpa":"klj;lj","details":"ljlk"}],"work":[{"_id":"5dfa14975a055c5168e225d2","company":"asdjfklj","position":"kljkldafjkljkjlk","website":"jlkjlkjlk","startdate":"jlkjlk","enddate":"jlkjlkjkl","summary":"jlk"}],"volunteer":[{"_id":"5dfa14975a055c5168e225d3","organisation":"ajfkj","position":"lkjj","website":";j","startdate":"jkjj","enddate":";kjlj","summary":"lk;jlkj"}],"awards":[{"_id":"5dfa14975a055c5168e225d5","title":"ajsdlfkjk","date":"jljlkjkljjlk","awarder":"kljljk;j","details":"kjkl;jkllkjlkj"}],"publications":[{"_id":"5dfa14975a055c5168e225d6","name":"klasdfkj","publisher":"kljlk","releaseDate":"kljklj","website":"jkljlk","summary":"jlkj"}],"skills":[{"_id":"5dfa14975a055c5168e225d7","name":"aksdjfj","level":"lkjkljklj","keywords":"kjjakjfklajsklfj;"}],"languages":[{"_id":"5dfa14975a055c5168e225d8","language":"ajklfjkl","fluency":"jkjjlkjakls;j"}],"interests":[{"_id":"5dfa14975a055c5168e225d9","name":"asfdjj","keywords":"lkljklvajklj"}],"references":[{"_id":"5dfa14975a055c5168e225da","name":"","reference":""}],"__v":0}}